City_ID,City,Cloudiness,Country,Date,Humidity,Latitude,Longitude,Max Temp,Wind Speed
0,puerto san carlos,,,,,,,,
1,blackmans bay,38.0,AU,1701886430.0,78.0,-43.0167,147.3167,11.07,2.45
2,ushuaia,62.0,AR,1701886221.0,61.0,-54.8,-68.3,10.79,3.68
3,puerto natales,40.0,CL,1701886131.0,44.0,-51.7236,-72.4875,13.25,9.26
4,port-aux-francais,100.0,TF,1701886430.0,83.0,-49.35,70.2167,5.14,9.23
5,santa elena de uairen,63.0,VE,1701886131.0,53.0,4.6167,-61.1333,26.88,2.62
6,margaret river,28.0,AU,1701886430.0,83.0,-33.95,115.0667,13.84,4.51
7,mehtar lam,0.0,AF,1701886431.0,20.0,34.6714,70.2094,12.84,1.6
8,albany,100.0,US,1701886307.0,85.0,42.6001,-73.9662,0.91,0.89
9,luderitz,2.0,NA,1701886431.0,88.0,-26.6481,15.1594,17.48,5.19
10,adamstown,100.0,PN,1701886431.0,80.0,-25.066,-130.1015,22.69,6.13
11,alofi,99.0,NU,1701886252.0,81.0,-19.0595,-169.9187,25.68,7.4
12,iqaluit,20.0,CA,1701885840.0,85.0,63.7506,-68.5145,-13.15,2.57
13,laguna,20.0,US,1701885915.0,81.0,38.421,-121.4238,15.3,6.17
14,waitangi,100.0,NZ,1701885839.0,96.0,-43.9535,-176.5597,13.79,2.24
15,mount gambier,100.0,AU,1701886133.0,83.0,-37.8333,140.7667,9.41,0.89
16,kamaishi,100.0,JP,1701886133.0,89.0,39.2667,141.8833,10.62,3.22
17,hawaiian paradise park,100.0,US,1701886432.0,97.0,19.5933,-154.9731,22.24,1.54
18,baglung,35.0,NP,1701886432.0,73.0,28.2719,83.5898,12.7,1.97
19,tiksi,100.0,RU,1701886263.0,94.0,71.6872,128.8694,-23.66,5.02
20,bilibino,100.0,RU,1701886134.0,99.0,68.0546,166.4372,-31.04,1.83
21,bethel,100.0,US,1701885869.0,72.0,41.3712,-73.414,4.19,4.12
22,st. john's,75.0,CA,1701885870.0,81.0,47.5649,-52.7093,-1.68,6.17
23,ribeira grande,75.0,PT,1701886134.0,94.0,38.5167,-28.7,17.65,11.83
24,grytviken,87.0,GS,1701886135.0,79.0,-54.2811,-36.5092,0.55,9.93
25,tura,99.0,IN,1701886135.0,72.0,25.5198,90.2201,20.09,0.77
26,rurrenabaque,69.0,BO,1701886135.0,55.0,-14.4413,-67.5278,32.01,2.4
27,vilyuchinsk,56.0,RU,1701886135.0,83.0,52.9306,158.4028,-8.37,2.99
28,axochiapan,100.0,MX,1701886135.0,36.0,18.5,-98.7667,27.38,3.69
29,kone,100.0,NC,1701886135.0,77.0,-21.0595,164.8658,23.11,2.13
30,codrington,100.0,AU,1701885873.0,85.0,-38.2667,141.9667,9.67,1.49
31,vallenar,0.0,CL,1701886136.0,18.0,-28.5708,-70.7581,30.33,4.59
32,shiloh,20.0,US,1701886136.0,61.0,38.5614,-89.8973,8.3,2.57
33,vila franca do campo,100.0,PT,1701886136.0,99.0,37.7167,-25.4333,20.23,8.56
34,puerto baquerizo moreno,20.0,EC,1701886136.0,65.0,-0.9,-89.6,28.55,9.26
35,yaren,100.0,NR,1701886136.0,80.0,-0.5472,166.916,27.91,5.78
36,omsk,40.0,RU,1701885950.0,70.0,55.0,73.4,-24.06,6.0
37,vadlapudi,51.0,IN,1701886136.0,89.0,14.3167,79.8,25.1,2.73
38,port mathurin,4.0,MU,1701886136.0,79.0,-19.6833,63.4167,25.93,4.59
39,upata,89.0,VE,1701886137.0,69.0,8.0086,-62.3989,26.77,2.79
40,taiohae,,,,,,,,
41,gaspe,40.0,CA,1701885913.0,58.0,48.8334,-64.4819,-2.05,4.63
42,iskateley,100.0,RU,1701886137.0,98.0,67.6803,53.1512,-21.66,1.79
43,gilgit,0.0,PK,1701886137.0,33.0,35.9221,74.3087,4.51,0.96
44,luwuk,99.0,ID,1701886137.0,85.0,-0.9516,122.7875,25.69,1.58
45,fale old settlement,81.0,TK,1701886137.0,77.0,-9.3852,-171.2468,28.42,4.78
46,port alfred,90.0,ZA,1701886137.0,92.0,-33.5906,26.891,17.88,2.68
47,sinabang,89.0,ID,1701886138.0,85.0,2.4803,96.3801,26.44,3.11
48,quatre cocos,49.0,MU,1701886138.0,80.0,-20.2078,57.7625,25.61,3.83
49,oualidia,,,,,,,,
50,kirensk,76.0,RU,1701886143.0,100.0,57.7853,108.1119,-45.58,1.34
51,freetown,1.0,SL,1701886144.0,77.0,8.484,-13.2299,27.38,3.79
52,kununurra,98.0,AU,1701885921.0,83.0,-15.7667,128.7333,24.99,3.09
53,weno,100.0,FM,1701886144.0,76.0,7.4515,151.8468,27.69,5.71
54,macau,0.0,MO,1701886145.0,72.0,22.2006,113.5461,18.89,8.75
55,puerto santa,83.0,PE,1701886145.0,77.0,-8.9906,-78.6456,22.06,5.26
56,udachny,100.0,RU,1701885875.0,98.0,66.4167,112.4,-24.58,1.57
57,fortuna,20.0,US,1701886146.0,96.0,40.5982,-124.1573,13.29,8.23
58,nyurba,91.0,RU,1701886146.0,100.0,63.2842,118.3319,-46.99,1.54
59,rameswaram,70.0,IN,1701886146.0,83.0,9.2833,79.3,27.97,6.12
60,darwin,40.0,AU,1701885951.0,88.0,-12.4611,130.8418,24.99,1.54
61,aripuana,68.0,BR,1701885966.0,28.0,-9.1667,-60.6333,36.77,1.09
62,keflavik,0.0,IS,1701886147.0,64.0,64.0049,-22.5624,1.24,10.29
63,valparaiso,0.0,CL,1701886147.0,53.0,-33.0393,-71.6273,20.8,7.2
64,hami,36.0,CN,1701886148.0,46.0,42.8,93.45,1.08,1.32
65,east london,100.0,ZA,1701885872.0,88.0,-33.0153,27.9116,18.52,5.66
66,grenada,75.0,ES,1701885888.0,92.0,37.1882,-3.6067,12.2,1.54
67,khovd,89.0,MN,1701886148.0,41.0,48.0056,91.6419,2.58,10.12
68,stanley,0.0,GB,1701886149.0,91.0,54.868,-1.6985,1.54,1.54
69,dolinsk,90.0,RU,1701886149.0,93.0,47.35,142.8,0.4,3.58
70,tomatlan,89.0,MX,1701886149.0,31.0,19.9333,-105.25,33.75,1.23
71,aasiaat,99.0,GL,1701885909.0,66.0,68.7098,-52.8699,-7.29,8.52
72,umluj,0.0,SA,1701886149.0,65.0,25.0213,37.2685,26.25,3.37
73,kailua-kona,40.0,US,1701886150.0,76.0,19.6406,-155.9956,24.17,1.54
74,isafjordur,0.0,IS,1701886150.0,74.0,66.0755,-23.124,-3.98,1.54
75,nishinoomote,53.0,JP,1701886150.0,59.0,30.7333,131.0,19.31,12.47
76,afaahiti,100.0,PF,1701886150.0,81.0,-17.75,-149.2833,23.93,8.56
77,bandar,99.0,ID,1701886150.0,98.0,2.05,99.75,24.34,0.5
78,kapa'a,40.0,US,1701886151.0,84.0,22.0752,-159.319,25.18,5.66
79,chonchi,37.0,CL,1701886151.0,52.0,-42.6128,-73.8092,18.56,0.92
80,college,100.0,US,1701886151.0,83.0,64.8569,-147.8028,-14.96,0.0
81,vorgashor,60.0,RU,1701886151.0,98.0,67.5833,63.95,-29.63,1.21
82,qaqortoq,100.0,GL,1701886151.0,54.0,60.7167,-46.0333,3.98,7.2
83,mount pearl,50.0,CA,1701886152.0,81.0,47.5166,-52.7813,-2.14,2.68
84,strathmore,98.0,CA,1701886152.0,70.0,51.0501,-113.3852,5.48,2.29
85,shahr-e babak,67.0,IR,1701886152.0,17.0,30.1165,55.1186,10.85,2.13
86,plouzane,75.0,FR,1701886152.0,82.0,48.3833,-4.6167,10.03,7.2
87,'ibri,,,,,,,,
88,puerto ayora,69.0,EC,1701886153.0,89.0,-0.7393,-90.3518,29.98,3.13
89,realico,64.0,AR,1701886153.0,21.0,-35.0366,-64.2447,30.71,5.25
90,hithadhoo,59.0,MV,1701886153.0,79.0,-0.6,73.0833,28.04,5.45
91,wailua homesteads,40.0,US,1701886154.0,84.0,22.0669,-159.378,24.44,5.66
92,isangel,100.0,VU,1701886154.0,80.0,-19.55,169.2667,24.03,4.99
93,kili,99.0,MH,1701886154.0,81.0,5.6439,169.1211,28.05,9.72
94,gulf shores,0.0,US,1701886154.0,56.0,30.246,-87.7008,13.36,3.6
95,colonia,40.0,DE,1701886008.0,86.0,50.9333,6.95,4.98,4.63
96,christchurch,1.0,NZ,1701886117.0,80.0,-43.5333,172.6333,13.63,3.09
97,east falmouth,100.0,US,1701886155.0,89.0,41.5784,-70.5586,2.73,4.12
98,aydarken,44.0,KG,1701886155.0,32.0,39.9443,71.3429,3.11,2.6
99,ponta delgada,75.0,PT,1701885949.0,88.0,37.7333,-25.6667,20.4,9.77
100,edinburgh of the seven seas,12.0,SH,1701886165.0,73.0,-37.0676,-12.3116,14.38,8.45
101,san andres,40.0,CO,1701885963.0,66.0,12.5847,-81.7006,32.01,6.69
102,vingt cinq,,,,,,,,
103,nova sintra,96.0,CV,1701886166.0,73.0,14.8667,-24.7167,21.69,6.75
104,butterworth,40.0,MY,1701886166.0,89.0,5.3991,100.3638,28.02,0.0
105,clearwater,0.0,US,1701886142.0,51.0,27.9659,-82.8001,19.4,8.05
106,ujae,77.0,MH,1701886167.0,78.0,8.9322,165.7642,27.57,10.75
107,west island,100.0,CC,1701886167.0,83.0,-12.1568,96.8225,26.99,3.6
108,bredasdorp,0.0,ZA,1701886168.0,84.0,-34.5322,20.0403,17.86,7.85
109,surin,94.0,TH,1701886168.0,74.0,14.8818,103.4936,23.77,6.87
110,olonkinbyen,100.0,SJ,1701886168.0,83.0,70.9221,-8.7187,-3.61,4.76
111,sinop,73.0,TR,1701886169.0,79.0,41.7711,34.8709,8.6,1.94
112,umm salal 'ali,,,,,,,,
113,vilyuysk,88.0,RU,1701886171.0,100.0,63.7553,121.6247,-43.33,1.34
114,chahar burj,4.0,AF,1701886172.0,30.0,34.2448,62.1917,8.71,0.78
115,jamestown,99.0,US,1701886013.0,81.0,42.097,-79.2353,0.85,2.24
116,sonsorol village,,,,,,,,
117,richards bay,100.0,ZA,1701886173.0,83.0,-28.783,32.0377,20.37,2.49
118,tongshan,0.0,CN,1701886173.0,35.0,34.1805,117.1571,7.69,3.34
119,umm kaddadah,13.0,SD,1701886173.0,10.0,13.6017,26.6876,22.33,6.16
120,mwene-ditu,81.0,CD,1701886174.0,99.0,-7.0,23.45,19.68,0.61
121,naze,100.0,JP,1701886174.0,62.0,28.3667,129.4833,16.94,6.05
122,thompson,100.0,CA,1701886174.0,100.0,55.7435,-97.8558,-3.91,3.09
123,srandakan,94.0,ID,1701886174.0,80.0,-7.9386,110.2506,26.39,0.78
124,tahe,100.0,CN,1701886174.0,86.0,52.3333,124.7333,-20.08,3.16
125,perrysburg,20.0,US,1701886114.0,82.0,41.557,-83.6272,4.43,4.63
126,fuvahmulah,,,,,,,,
127,invercargill,63.0,NZ,1701885931.0,88.0,-46.4,168.35,9.86,7.75
128,roma,100.0,US,1701885964.0,72.0,43.2128,-75.4557,0.53,2.68
129,toga village,,,,,,,,
130,sicuani,100.0,PE,1701886177.0,48.0,-14.2694,-71.2261,16.61,1.18
131,korla,80.0,CN,1701886177.0,46.0,41.7597,86.1469,1.72,2.07
132,balakirevo,55.0,RU,1701886177.0,100.0,56.5059,38.8432,-18.6,0.9
133,sweetwater,75.0,US,1701886177.0,46.0,25.7634,-80.3731,21.68,6.17
134,petropavlovsk-kamchatsky,44.0,RU,1701886178.0,69.0,53.0452,158.6483,-9.19,6.71
135,crane,66.0,US,1701886179.0,46.0,31.3974,-102.3501,17.55,5.51
136,faya-largeau,30.0,TD,1701886179.0,20.0,17.9257,19.1043,22.88,5.48
137,napili-honokowai,1.0,US,1701886179.0,91.0,20.9708,-156.6705,24.54,6.8
138,whitehorse,100.0,CA,1701886179.0,94.0,60.7161,-135.0538,-5.01,3.48
139,'ohonua,,,,,,,,
140,rikaze,77.0,CN,1701886179.0,41.0,29.25,88.8833,-2.12,0.69
141,haiku-pauwela,40.0,US,1701886180.0,82.0,20.9219,-156.3051,23.91,7.72
142,ust-tsilma,62.0,RU,1701886180.0,100.0,65.441,52.1498,-33.55,1.34
143,viqueque,100.0,TL,1701886180.0,85.0,-8.8673,126.3658,26.56,0.32
144,coruripe,25.0,BR,1701886162.0,65.0,-10.1256,-36.1756,28.19,5.23
145,kingston,20.0,JM,1701885913.0,62.0,17.997,-76.7936,31.8,2.06
146,villa emilio carranza,100.0,MX,1701886182.0,90.0,19.9667,-96.6,20.66,5.29
147,jiuquan,30.0,CN,1701886182.0,27.0,39.7432,98.5174,1.8,1.61
148,eastham,100.0,US,1701886182.0,70.0,41.8301,-69.9739,2.26,5.81
149,port lincoln,100.0,AU,1701885898.0,75.0,-34.7333,135.8667,16.4,4.77
150,ilulissat,75.0,GL,1701886187.0,50.0,69.2167,-51.1,-2.99,3.09
151,papao,100.0,PF,1701886187.0,81.0,-17.75,-149.55,24.82,9.12
152,arkhangel'sk,40.0,RU,1701886122.0,80.0,64.5401,40.5433,-20.49,3.0
153,dzuunmod,45.0,MN,1701886097.0,63.0,48.2199,97.3744,-1.28,12.44
154,hun,100.0,LY,1701886188.0,30.0,29.1268,15.9477,18.81,3.4
155,ust-nera,40.0,RU,1701886188.0,93.0,64.5667,143.2,-46.08,0.59
156,utrik,83.0,MH,1701886188.0,78.0,11.2278,169.8474,27.13,10.1
157,taoudenni,100.0,ML,1701886188.0,11.0,22.6783,-3.9836,22.62,1.36
158,anadyr,100.0,RU,1701886189.0,83.0,64.75,177.4833,-20.56,13.0
159,we,,,,,,,,
160,kodiak,0.0,US,1701885978.0,55.0,57.79,-152.4072,-1.27,12.86
161,ahau,,,,,,,,
162,tazovsky,34.0,RU,1701886189.0,98.0,67.4667,78.7,-33.6,3.47
163,cargados carajos,,,,,,,,
164,cairns city,,,,,,,,
165,maladziecna,,,,,,,,
166,quellon,52.0,CL,1701886190.0,65.0,-43.1167,-73.6167,15.39,5.87
167,kamen'-rybolov,93.0,RU,1701886190.0,71.0,44.7481,132.0403,-6.44,2.95
168,constantia,100.0,RO,1701886190.0,81.0,44.1833,28.65,5.39,8.68
169,klyuchi,100.0,RU,1701886190.0,69.0,52.2667,79.1667,-10.64,9.58
170,phillip island,100.0,AU,1701886191.0,92.0,-38.4835,145.231,14.15,2.86
171,betio village,100.0,KI,1701886191.0,83.0,1.358,172.9211,26.02,7.63
172,lebu,2.0,CL,1701886191.0,75.0,-37.6167,-73.65,16.43,5.52
173,bakanas,100.0,KZ,1701886191.0,68.0,44.8081,76.2772,4.69,6.48
174,ust'-ilimsk,11.0,RU,1701886191.0,99.0,58.0006,102.6619,-36.54,1.34
175,avarua,40.0,CK,1701886192.0,83.0,-21.2078,-159.775,26.03,6.69
176,ulladulla,88.0,AU,1701886192.0,87.0,-35.35,150.4667,15.98,0.8
177,acarau,22.0,BR,1701886192.0,60.0,-2.8856,-40.12,30.52,9.69
178,yarkovo,45.0,RU,1701886196.0,92.0,57.4028,67.0786,-28.72,3.26
179,yellowknife,100.0,CA,1701886196.0,100.0,62.456,-114.3525,-7.71,2.06
180,tolanaro,75.0,MG,1701885965.0,78.0,-25.0319,46.9987,25.04,4.12
181,port elizabeth,88.0,ZA,1701886197.0,80.0,-33.918,25.5701,20.61,8.4
182,lompoc,0.0,US,1701886197.0,72.0,34.6391,-120.4579,21.62,3.6
183,la ronge,2.0,CA,1701886197.0,79.0,55.1001,-105.2842,1.23,4.44
184,kalemie,85.0,CD,1701886197.0,78.0,-5.9475,29.1947,23.06,0.81
185,howard springs,92.0,AU,1701886197.0,99.0,-12.497,131.047,24.95,2.0
186,mount isa,24.0,AU,1701885966.0,37.0,-20.7333,139.5,28.87,2.06
187,mhangura,55.0,ZW,1701886198.0,36.0,-16.8939,30.1683,26.96,3.73
188,susuman,70.0,RU,1701886198.0,99.0,62.7833,148.1667,-49.45,0.45
189,dudinka,100.0,RU,1701886198.0,93.0,69.4058,86.1778,-29.62,3.13
190,taksimo,30.0,RU,1701886198.0,86.0,56.3444,114.8794,-30.34,1.12
191,planaltina,44.0,BR,1701886198.0,38.0,-15.4528,-47.6142,30.09,2.85
192,talnakh,100.0,RU,1701886198.0,94.0,69.4865,88.3972,-29.89,3.89
193,el hatillo,84.0,VE,1701886198.0,51.0,10.4299,-66.8161,25.4,1.79
194,sao joao dos inhamuns,55.0,BR,1701886199.0,25.0,-6.0,-40.2833,36.09,1.81
195,bejaia,100.0,DZ,1701886040.0,83.0,36.7559,5.0843,13.12,1.04
196,san ignacio,75.0,BZ,1701886199.0,74.0,17.1561,-89.0714,28.08,3.09
197,lata,100.0,PT,1701886199.0,81.0,40.1629,-8.3327,10.51,1.18
198,cheremukhovo,19.0,RU,1701886199.0,100.0,60.3484,59.9851,-37.32,1.34
199,georgetown,20.0,MY,1701885969.0,92.0,5.4112,100.3354,27.96,1.54
200,sfizef,91.0,DZ,1701886206.0,89.0,35.2346,-0.2444,12.08,1.78
201,altai,90.0,MN,1701886206.0,57.0,46.3722,96.2583,-0.98,11.21
202,kalmunai,48.0,LK,1701886179.0,90.0,7.4167,81.8167,26.0,4.19
203,kuqa,75.0,CN,1701886207.0,39.0,41.7278,82.9364,3.63,2.03
204,yangambi,63.0,CD,1701886207.0,97.0,0.8102,24.4336,22.21,0.63
205,huarmey,75.0,PE,1701886207.0,72.0,-10.0681,-78.1522,23.59,5.58
206,kolonia,40.0,DE,1701886008.0,86.0,50.9333,6.95,4.98,4.63
207,rio grande,100.0,BR,1701886207.0,96.0,-32.035,-52.0986,23.06,0.95
208,kapuskasing,87.0,CA,1701886208.0,70.0,49.4169,-82.4331,-5.95,2.77
209,daru,63.0,PG,1701885914.0,87.0,-9.0763,143.2092,25.48,3.01
210,lucea,4.0,JM,1701886208.0,71.0,18.451,-78.1736,29.92,5.3
211,alta,20.0,NO,1701886208.0,67.0,69.9689,23.2717,-10.41,7.72
212,kataragama,,,,,,,,
213,ola,96.0,RU,1701886209.0,71.0,59.5833,151.2833,-18.75,6.02
214,kill devil hills,100.0,US,1701886209.0,74.0,36.0307,-75.676,8.88,6.69
215,harstad,30.0,NO,1701886210.0,75.0,68.799,16.5293,-3.25,9.39
216,hermanus,0.0,ZA,1701886210.0,71.0,-34.4187,19.2345,20.06,5.78
217,melekeok village,90.0,PW,1701886210.0,79.0,7.4957,134.6367,27.79,3.08
218,tralee,100.0,IE,1701885947.0,87.0,52.2704,-9.7026,11.14,9.26
219,hirara,100.0,JP,1701886211.0,58.0,24.8,125.2833,21.3,9.25
220,zabol,0.0,AF,1701886211.0,39.0,32.25,67.25,4.75,1.01
221,punta arenas,40.0,CL,1701886211.0,62.0,-53.15,-70.9167,11.06,13.89
222,nikolayevsk-on-amure,100.0,RU,1701886212.0,98.0,53.1406,140.73,-7.86,0.69
223,nova vicosa,17.0,BR,1701886212.0,63.0,-17.8919,-39.3719,28.82,5.82
224,namanga,84.0,KE,1701886212.0,84.0,-2.5433,36.7905,20.26,3.39
225,puerto colombia,26.0,CO,1701886212.0,75.0,10.9878,-74.9547,32.05,7.97
226,saint-pierre,100.0,RE,1701886212.0,65.0,-21.3393,55.4781,25.82,2.57
227,tonj,16.0,SS,1701886213.0,25.0,7.2737,28.6822,30.28,2.17
228,emmerhout,,,,,,,,
229,tehachapi,53.0,US,1701885970.0,33.0,35.1322,-118.449,18.03,5.36
230,hadibu,47.0,YE,1701886208.0,66.0,12.65,54.0333,25.24,6.45
231,sahar,0.0,OM,1701886214.0,64.0,24.3643,56.7468,22.01,1.03
232,tofol,94.0,FM,1701886214.0,80.0,5.3248,163.0078,28.03,10.24
233,ongjin,16.0,KP,1701886214.0,53.0,37.9347,125.3619,3.31,4.73
234,mbandaka,68.0,CD,1701886214.0,87.0,0.0487,18.2603,23.8,1.24
235,trairi,21.0,BR,1701886018.0,58.0,-3.2778,-39.2689,30.37,7.19
236,antofagasta,17.0,CL,1701886139.0,67.0,-23.65,-70.4,20.19,5.03
237,al jadid,98.0,LY,1701886215.0,26.0,27.05,14.4,19.53,3.88
238,namibe,88.0,AO,1701886215.0,84.0,-15.1961,12.1522,23.78,3.78
239,praia da vitoria,75.0,PT,1701885950.0,88.0,38.7333,-27.0667,20.14,9.39
240,migori,39.0,KE,1701886216.0,93.0,-1.0634,34.4731,17.99,0.8
241,raikot,0.0,IN,1701886199.0,31.0,30.65,75.6,18.44,2.47
242,lashio,99.0,MM,1701886216.0,84.0,22.9333,97.75,17.45,1.1
243,island harbour,100.0,GB,1701886216.0,85.0,50.724,-1.2758,9.02,3.58
244,kotido,67.0,UG,1701886217.0,37.0,2.9806,34.1331,27.08,5.96
245,palu,97.0,ID,1701886018.0,96.0,-0.8917,119.8707,24.32,1.21
246,mahina,75.0,PF,1701886049.0,83.0,-17.5065,-149.489,24.87,2.57
247,laminusa,100.0,PH,1701886217.0,79.0,5.5549,120.9136,28.11,3.29
248,vrangel',100.0,RU,1701886217.0,72.0,42.7297,133.0839,2.62,7.46
249,jalai nur,6.0,CN,1701886218.0,90.0,49.45,117.7,-24.09,2.6
250,yuzhno-kurilsk,85.0,RU,1701886223.0,84.0,44.0306,145.8556,7.43,3.55
251,taulaga,96.0,AS,1701886223.0,79.0,-11.0553,-171.0883,28.32,6.94
252,watsa,52.0,CD,1701886228.0,91.0,3.0372,29.5355,20.52,1.12
253,maymana,1.0,AF,1701886228.0,39.0,35.9214,64.7836,9.35,0.83
254,ancud,20.0,CL,1701886193.0,72.0,-41.8697,-73.8203,14.65,4.23
255,sambava,13.0,MG,1701886229.0,78.0,-14.2667,50.1667,25.41,2.83
256,zigong,28.0,CN,1701886229.0,82.0,29.3416,104.7769,12.95,1.53
257,guozhen,0.0,CN,1701886230.0,35.0,34.3659,107.359,9.59,2.54
258,primero de mayo,100.0,AR,1701886230.0,95.0,-32.2552,-58.4228,23.08,1.88
259,oranjemund,10.0,NA,1701886230.0,90.0,-28.55,16.4333,18.01,2.59
260,taro,99.0,ID,1701886231.0,94.0,-8.3862,115.28,23.0,0.33
261,linqiong,0.0,CN,1701886231.0,57.0,30.4159,103.4609,11.67,0.83
262,prince rupert,75.0,CA,1701886232.0,87.0,54.3161,-130.3201,6.83,5.14
263,longyearbyen,40.0,SJ,1701885959.0,74.0,78.2186,15.6401,-4.09,9.77
264,pohang,20.0,KR,1701886233.0,66.0,36.0322,129.365,6.59,8.78
265,turkmenbasy,100.0,TM,1701886234.0,70.0,40.0222,52.9552,7.43,6.17
266,guerrero negro,0.0,MX,1701886159.0,35.0,27.9769,-114.0611,23.4,1.29
267,margate,48.0,GB,1701886235.0,77.0,51.3813,1.3862,1.17,1.43
268,rio san juan,1.0,DO,1701886236.0,62.0,19.6439,-70.0763,31.2,4.67
269,winchester,75.0,GB,1701886055.0,93.0,51.0651,-1.3187,7.51,2.06
270,chak jhumra,0.0,PK,1701886236.0,31.0,31.5678,73.1835,15.55,1.95
271,touros,2.0,BR,1701886237.0,64.0,-5.1989,-35.4608,29.26,6.26
272,papatowai,55.0,NZ,1701886237.0,80.0,-46.5619,169.4708,10.56,8.52
273,dubbo,18.0,AU,1701885988.0,64.0,-32.25,148.6167,21.07,5.66
274,quarai,92.0,BR,1701886238.0,81.0,-30.3875,-56.4514,27.24,6.49
275,carutapera,46.0,BR,1701886206.0,71.0,-1.195,-46.02,29.38,4.85
276,el nido,88.0,PH,1701886238.0,82.0,11.1858,119.3956,27.26,3.93
277,newman,4.0,US,1701886239.0,45.0,37.3138,-121.0208,16.27,2.61
278,mezhdurechensk,100.0,RU,1701886240.0,94.0,53.6942,88.0603,-10.36,4.91
279,badger,100.0,US,1701886240.0,85.0,64.8,-147.5333,-15.01,0.0
280,labuan,100.0,MY,1701886241.0,77.0,5.2767,115.2417,27.87,2.0
281,bonthe,10.0,SL,1701886241.0,76.0,7.5264,-12.505,27.9,4.33
282,strezhevoy,12.0,RU,1701886241.0,92.0,60.7333,77.5889,-29.83,3.84
283,cabedelo,3.0,BR,1701886242.0,62.0,-6.9811,-34.8339,28.6,5.1
284,yenangyaung,33.0,MM,1701886242.0,68.0,20.4667,94.8833,22.24,2.32
285,aykhal,100.0,RU,1701886243.0,98.0,66.0,111.5,-25.49,2.37
286,stornoway,40.0,GB,1701886243.0,77.0,58.2093,-6.3865,4.98,4.63
287,mossel bay,3.0,ZA,1701886243.0,86.0,-34.1831,22.146,18.96,11.16
288,arraial do cabo,0.0,BR,1701886243.0,65.0,-22.9661,-42.0278,28.92,11.32
289,kiunga,78.0,PG,1701886243.0,99.0,-6.1219,141.2906,22.84,0.7
290,chibuto,30.0,MZ,1701886244.0,78.0,-24.6867,33.5306,22.52,3.08
291,usinsk,91.0,RU,1701886244.0,99.0,65.9939,57.5281,-34.4,1.34
292,fort bragg,75.0,US,1701886240.0,57.0,35.139,-79.006,12.12,7.2
293,northam,100.0,GB,1701886245.0,87.0,51.0333,-4.2167,8.7,8.63
294,nuuk,100.0,GL,1701886018.0,33.0,64.1835,-51.7216,6.34,10.29
295,sao vicente,50.0,BR,1701886245.0,45.0,-23.9631,-46.3919,36.1,4.02
296,morden,98.0,CA,1701886245.0,69.0,49.1919,-98.1014,9.91,4.18
297,liberty,0.0,US,1701885994.0,45.0,31.8335,-81.5004,16.26,5.66
298,puerto armuelles,60.0,PA,1701886246.0,68.0,8.2833,-82.8667,29.99,1.34
299,hovd,89.0,MN,1701886246.0,41.0,48.0056,91.6419,2.58,10.12
300,sandnessjoen,75.0,NO,1701886251.0,80.0,66.0217,12.6316,0.23,5.14
301,ha'il,0.0,SA,1701886251.0,34.0,27.5219,41.6907,18.01,3.09
302,auki,100.0,SB,1701886252.0,89.0,-8.7676,160.7034,24.61,3.29
303,ribas do rio pardo,78.0,BR,1701886252.0,27.0,-20.4431,-53.7592,37.36,5.61
304,itaituba,22.0,BR,1701886047.0,28.0,-4.2761,-55.9836,39.06,1.16
305,wynyard,35.0,AU,1701886252.0,87.0,-41.0,145.7167,9.95,2.9
306,alliance,99.0,US,1701886252.0,79.0,40.9153,-81.1059,3.15,4.72
307,atlantic,100.0,US,1701886253.0,64.0,39.4668,-74.6663,6.59,6.17
308,oriximina,35.0,BR,1701886253.0,42.0,-1.7656,-55.8661,34.21,3.2
309,sitka,100.0,US,1701886253.0,75.0,57.0531,-135.33,5.94,6.69
310,erbil,75.0,IQ,1701886253.0,76.0,36.1926,44.0106,12.9,2.06
311,hoxtolgay,,,,,,,,
312,la tuque,48.0,CA,1701886254.0,72.0,47.4334,-72.7824,-11.86,2.57
313,corner brook,100.0,CA,1701886254.0,82.0,48.9667,-57.9484,-3.96,3.97
314,lazaro cardenas,93.0,MX,1701886254.0,47.0,17.9583,-102.2,30.97,1.24
315,labytnangi,82.0,RU,1701886258.0,100.0,66.6572,66.4183,-33.89,0.82
316,sun city west,0.0,US,1701886258.0,26.0,33.662,-112.3413,25.35,0.0
317,kenai,0.0,US,1701886141.0,95.0,60.5544,-151.2583,-3.25,1.54
318,anchorage,100.0,US,1701886259.0,78.0,61.2181,-149.9003,-3.14,3.09
319,adrar,82.0,MR,1701886259.0,15.0,20.5022,-10.0711,23.95,3.71
320,ylitornio,100.0,FI,1701886259.0,97.0,66.3089,23.6773,-13.39,1.84
321,leh,0.0,IN,1701886259.0,29.0,34.1667,77.5833,-7.9,2.09
322,kruisfontein,90.0,ZA,1701886260.0,76.0,-34.0033,24.7314,19.38,7.23
323,bamboo flat,100.0,IN,1701886260.0,78.0,11.7,92.7167,27.08,1.46
324,alderetes,82.0,AR,1701886260.0,61.0,-26.8167,-65.1333,26.53,3.15
325,fisterra,100.0,ES,1701886260.0,81.0,42.9049,-9.2629,13.75,11.98
326,abadeh,87.0,IR,1701886260.0,23.0,31.1608,52.6506,9.97,2.98
327,huanan,12.0,CN,1701886261.0,96.0,46.2167,130.5167,-19.35,1.89
328,cobija,99.0,BO,1701886261.0,84.0,-11.0267,-68.7692,24.94,1.73
329,sandakan,100.0,MY,1701886261.0,86.0,5.8402,118.1179,26.2,2.35
330,saipan,40.0,MP,1701886261.0,83.0,15.1355,145.701,27.39,4.63
331,hurlingham,100.0,AR,1701886262.0,93.0,-34.5883,-58.6391,22.3,2.57
332,hanceville,43.0,US,1701886262.0,48.0,34.0607,-86.7675,10.84,3.25
333,songea,98.0,TZ,1701886262.0,90.0,-10.6833,35.65,20.22,1.81
334,bereznik,58.0,RU,1701886262.0,97.0,62.8551,42.7072,-23.53,1.52
335,seogwipo,,,,,,,,
336,metahara,45.0,ET,1701886263.0,29.0,8.9,39.9167,24.1,1.5
337,port douglas,28.0,AU,1701886263.0,79.0,-16.4833,145.4667,24.85,4.02
338,vila velha,20.0,BR,1701886263.0,74.0,-20.3297,-40.2925,29.97,8.75
339,laojunmiao,32.0,CN,1701886263.0,22.0,39.8333,97.7333,1.65,3.19
340,ierapetra,89.0,GR,1701886263.0,61.0,35.01,25.7353,18.41,2.82
341,tingi,99.0,TZ,1701886236.0,90.0,-11.3,35.0333,20.09,2.35
342,progreso,100.0,MX,1701886192.0,65.0,21.2833,-89.6667,27.28,7.91
343,port augusta,100.0,AU,1701886264.0,50.0,-32.5,137.7667,24.46,7.11
344,kharp,73.0,RU,1701886264.0,99.0,66.8014,65.8081,-30.11,1.81
345,uturoa,100.0,PF,1701886264.0,85.0,-16.7333,-151.4333,25.65,8.78
346,sihanoukville,40.0,KH,1701886264.0,94.0,10.6093,103.5296,25.97,1.03
347,menaka,2.0,ML,1701886264.0,12.0,15.9182,2.4022,28.36,3.29
348,susanville,0.0,US,1701886264.0,75.0,40.4163,-120.653,9.34,1.54
349,santa cruz del norte,87.0,CU,1701886161.0,62.0,23.1539,-81.9236,23.93,8.07
350,enewetak,75.0,MH,1701886270.0,70.0,11.3474,162.3373,27.61,9.53
351,ebon,100.0,MH,1701886270.0,81.0,4.582,168.6964,28.2,9.25
352,hihifo,,,,,,,,
353,rongelap,77.0,MH,1701886270.0,77.0,11.1635,166.8941,27.53,9.6
354,fort-shevchenko,100.0,KZ,1701886270.0,53.0,44.5086,50.263,3.41,10.41
355,otra banda,43.0,DO,1701886270.0,70.0,18.6502,-68.6628,29.36,3.9
356,pizarro,99.0,CO,1701886271.0,91.0,4.9533,-77.366,26.19,4.88
357,atafu village,60.0,TK,1701886250.0,76.0,-8.5421,-172.5159,28.93,3.91
358,behshahr,100.0,IR,1701886271.0,72.0,36.6923,53.5526,10.97,1.89
359,bubaque,2.0,GW,1701886271.0,55.0,11.2833,-15.8333,28.46,4.91
360,decorah,75.0,US,1701886271.0,65.0,43.3033,-91.7857,4.51,4.12
361,la passe,55.0,FR,1701886271.0,85.0,45.5549,-0.8967,6.66,4.01
362,shendi,88.0,SD,1701886271.0,22.0,16.6915,33.4341,27.81,4.58
363,espargos,,,,,,,,
364,pontianak,20.0,ID,1701886272.0,94.0,-0.0333,109.3333,25.99,1.03
365,karratha,10.0,AU,1701886272.0,61.0,-20.7377,116.8463,29.24,3.23
366,okhotsk,99.0,RU,1701886272.0,73.0,59.3833,143.3,-22.98,5.61
367,rock hill,20.0,US,1701885976.0,40.0,34.9249,-81.0251,12.79,7.2
368,nizamabad,100.0,IN,1701886272.0,91.0,18.6667,78.1167,20.11,1.93
369,magadan,98.0,RU,1701886272.0,66.0,59.5667,150.8,-17.39,6.39
370,wainwright,98.0,CA,1701886273.0,59.0,52.839,-110.8572,3.9,0.83
371,cole harbour,75.0,CA,1701886273.0,63.0,44.6724,-63.4751,0.95,3.58
372,baie-comeau,40.0,CA,1701886273.0,63.0,49.2168,-68.1489,-5.18,2.57
373,tual,55.0,ID,1701886047.0,69.0,-5.6667,132.75,28.66,1.37
374,tranovaho,,,,,,,,
375,panevezys,47.0,LT,1701886273.0,95.0,55.7333,24.35,-9.15,3.12
376,nadym,16.0,RU,1701886273.0,99.0,65.5333,72.5167,-39.28,3.12
377,oktyabr'sk,30.0,RU,1701886274.0,100.0,53.1672,48.7006,-21.2,1.52
378,fort st. john,2.0,CA,1701886245.0,71.0,56.2499,-120.8529,0.38,4.42
379,walvis bay,58.0,NA,1701886274.0,82.0,-22.9575,14.5053,16.72,4.42
380,lorengau,91.0,PG,1701886274.0,82.0,-2.0226,147.2712,27.8,5.02
381,manacapuru,12.0,BR,1701886274.0,44.0,-3.2997,-60.6206,33.84,1.4
382,bireun,100.0,ID,1701886274.0,87.0,5.203,96.7009,25.49,2.03
383,mushie,94.0,CD,1701886274.0,84.0,-3.0167,16.9,24.79,1.23
384,tanout,5.0,NE,1701886275.0,13.0,14.9709,8.8879,23.88,4.94
385,boende,74.0,CD,1701886275.0,93.0,-0.2167,20.8667,23.03,0.8
386,dobrinka,100.0,RU,1701886275.0,93.0,52.1653,40.4731,-10.1,2.74
387,filipstad,99.0,SE,1701886275.0,95.0,59.7124,14.1683,-8.11,0.88
388,santyoku,19.0,KR,1701886275.0,61.0,37.4406,129.1708,5.45,10.47
389,san matias,92.0,BO,1701886275.0,35.0,-16.3667,-58.4,36.01,2.67
390,maya,100.0,PH,1701886276.0,82.0,11.2743,124.0579,26.4,4.6
391,bairnsdale,90.0,AU,1701886276.0,94.0,-37.8333,147.6167,12.25,1.19
392,sao joao da barra,2.0,BR,1701886276.0,78.0,-21.6403,-41.0511,30.05,7.26
393,burang,1.0,CN,1701886276.0,61.0,30.25,81.1667,-13.23,1.75
394,correntina,83.0,BR,1701886006.0,15.0,-13.3433,-44.6367,36.95,4.29
395,chuhar jamali,0.0,PK,1701886149.0,27.0,24.3895,67.9923,20.88,4.17
396,lubang,79.0,PH,1701886276.0,79.0,13.8584,120.124,27.83,4.17
397,tindouf,99.0,DZ,1701886277.0,32.0,27.6711,-8.1474,22.05,4.15
398,bargara,,,,,,,,
399,kaura namoda,41.0,NG,1701886277.0,15.0,12.5898,6.5779,26.41,3.6
400,novyy urgal,100.0,RU,1701886282.0,96.0,51.0736,132.5642,-12.19,1.91
401,malabrigo,97.0,AR,1701886282.0,82.0,-29.3464,-59.9696,25.3,4.01
402,nemuro,76.0,JP,1701886282.0,92.0,43.3236,145.575,7.81,4.13
403,manggar,100.0,ID,1701886283.0,83.0,-2.8833,108.2667,26.63,2.26
404,illizi,100.0,DZ,1701886283.0,15.0,26.4833,8.4667,19.66,1.82
405,westport,75.0,US,1701886283.0,63.0,41.1415,-73.3579,5.5,4.12
406,akureyri,0.0,IS,1701886283.0,78.0,65.6835,-18.0878,-13.04,2.06
407,yung shue wan,100.0,HK,1701886284.0,53.0,22.2333,114.1167,20.34,3.97
408,ponta pora,75.0,BR,1701886305.0,61.0,-22.5361,-55.7256,28.95,5.14
409,isle of lewis,,,,,,,,
410,polovinnoye,100.0,RU,1701886522.0,95.0,54.7914,65.9864,-22.41,4.22
411,upington,0.0,ZA,1701886522.0,8.0,-28.4478,21.2561,34.21,6.17
412,inirida,24.0,CO,1701886352.0,40.0,3.8653,-67.9239,35.18,1.69
413,costa teguise,,,,,,,,
414,shache,2.0,CN,1701886523.0,35.0,38.4167,77.2406,5.4,1.05
415,es castell,75.0,ES,1701886523.0,82.0,39.8795,4.2854,11.38,3.09
416,ras gharib,,,,,,,,
417,promyshlennaya,100.0,RU,1701886308.0,94.0,54.9159,85.6385,-17.99,5.09
418,fonte boa,90.0,BR,1701886308.0,84.0,-2.4959,-66.2662,28.59,1.37
419,ammon,0.0,US,1701886308.0,89.0,43.4696,-111.9666,2.28,0.54
420,polyarnyy,84.0,RU,1701886264.0,97.0,69.1989,33.4478,-15.56,4.23
421,pangody,7.0,RU,1701886308.0,98.0,65.85,74.4859,-37.32,3.27
422,olinda,40.0,BR,1701886308.0,61.0,-8.0089,-34.8553,28.85,6.17
423,sangkhla buri,66.0,TH,1701886309.0,95.0,15.1555,98.4536,22.41,0.69
424,awjilah,48.0,LY,1701886309.0,35.0,29.1081,21.2869,16.1,0.98
425,salekhard,88.0,RU,1701886309.0,100.0,66.53,66.6019,-36.01,0.22
426,kerikeri,46.0,NZ,1701886310.0,91.0,-35.2268,173.9474,15.51,2.09
427,picos,14.0,BR,1701886263.0,20.0,-7.0769,-41.4669,39.54,4.63
428,inongo,37.0,CD,1701886310.0,83.0,-1.95,18.2667,23.48,0.31
429,feijo,100.0,BR,1701886050.0,98.0,-8.1642,-70.3536,24.1,0.79
430,whyalla stuart,,,,,,,,
431,forbes,55.0,AU,1701886310.0,32.0,-33.3833,148.0167,21.07,2.15
432,sittwe,69.0,MM,1701886310.0,83.0,20.15,92.9,24.79,2.96
433,kulia village,,,,,,,,
434,impfondo,98.0,CG,1701886311.0,93.0,1.6381,18.0667,23.27,1.25
435,alesund,0.0,NO,1701886311.0,65.0,62.4723,6.1549,0.74,5.14
436,atakpame,41.0,TG,1701886311.0,35.0,7.5333,1.1333,30.43,0.61
437,ulsteinvik,96.0,NO,1701886311.0,70.0,62.3432,5.8487,0.73,2.68
438,isla vista,0.0,US,1701886311.0,41.0,34.4133,-119.861,24.64,2.06
439,puerto deseado,0.0,AR,1701886311.0,49.0,-47.7503,-65.8938,12.18,8.75
440,nizhniy kuranakh,100.0,RU,1701886312.0,98.0,58.8353,125.4869,-34.73,1.36
441,annau,100.0,TM,1701886312.0,65.0,37.8876,58.516,11.26,2.27
442,hotan,0.0,CN,1701886312.0,18.0,37.0997,79.9269,6.56,1.99
443,mocoa,100.0,CO,1701886299.0,91.0,1.1493,-76.6466,24.3,0.92
444,rawson,6.0,AR,1701886312.0,47.0,-43.3002,-65.1023,17.15,5.14
445,araguaina,65.0,BR,1701886312.0,32.0,-7.1911,-48.2072,36.53,2.03
446,yemva,24.0,RU,1701886312.0,99.0,62.59,50.8594,-28.05,0.68
447,minas de marcona,100.0,PE,1701886258.0,55.0,-15.2119,-75.1103,20.69,7.92
448,broken hill,88.0,AU,1701886313.0,29.0,-31.95,141.4333,28.16,7.79
449,solapur,100.0,IN,1701886050.0,77.0,17.6833,75.9167,22.65,2.32
450,palmer,75.0,US,1701886318.0,65.0,42.1584,-72.3287,2.86,3.09
451,puerto san jose,17.0,GT,1701886318.0,59.0,13.9256,-90.8244,30.07,3.08
452,ko lanta,36.0,TH,1701886318.0,83.0,7.5336,99.0865,26.51,5.41
453,kozhevnikovo,100.0,RU,1701886318.0,95.0,56.2589,83.9714,-21.24,4.26
454,mata-utu,58.0,WF,1701886319.0,78.0,-13.2816,-176.1745,27.9,5.47
455,chakradharpur,100.0,IN,1701886319.0,97.0,22.7,85.6333,17.2,1.73
456,hamilton,75.0,US,1701886319.0,71.0,39.1834,-84.5333,6.47,3.09
457,flying fish cove,40.0,CX,1701886176.0,88.0,-10.4217,105.6791,24.82,3.6
458,kedougou,0.0,SN,1701886319.0,28.0,12.5579,-12.1743,35.32,1.03
459,muktagacha,100.0,BD,1701886319.0,63.0,24.7667,90.2333,22.59,1.36
460,kitui,32.0,KE,1701886319.0,85.0,-1.367,38.0106,18.99,0.96
461,loikaw,21.0,MM,1701886319.0,93.0,19.6742,97.2094,18.41,1.56
462,jurilovca,98.0,RO,1701886320.0,76.0,44.7667,28.8667,5.05,8.35
463,visby,75.0,SE,1701886320.0,93.0,57.6409,18.296,-0.66,2.06
464,al qubbah,99.0,LY,1701886320.0,83.0,32.7616,22.2424,13.01,4.73
465,luganville,100.0,VU,1701886290.0,86.0,-15.5333,167.1667,25.79,4.52
466,sovetskiy,23.0,RU,1701886320.0,95.0,61.3614,63.5842,-31.73,3.13
467,mont-dore,63.0,NC,1701886320.0,85.0,-22.2833,166.5833,18.99,3.01
468,ilhabela,93.0,BR,1701886129.0,81.0,-23.7781,-45.3581,27.36,1.65
469,santo antonio,3.0,BR,1701886321.0,34.0,-6.3106,-35.4789,33.05,7.68
470,chibougamau,75.0,CA,1701886321.0,79.0,49.9168,-74.3659,-11.21,2.06
471,beaufort west,6.0,ZA,1701886321.0,34.0,-32.3567,22.583,23.46,4.83
472,miles city,0.0,US,1701886321.0,65.0,46.4083,-105.8406,7.54,4.12
473,pyt-yakh,7.0,RU,1701886298.0,94.0,60.7499,72.8582,-31.91,3.6
474,villupuram,63.0,IN,1701886321.0,89.0,11.9333,79.4833,25.45,2.45
475,yelizovo,61.0,RU,1701886322.0,83.0,53.1873,158.3805,-8.44,3.32
476,chimoio,2.0,MZ,1701886322.0,66.0,-19.1164,33.4833,21.65,3.82
477,zhalantun,79.0,CN,1701886322.0,69.0,48.0,122.7167,-14.71,5.98
478,tangalle,39.0,LK,1701886322.0,90.0,6.024,80.7911,25.64,1.44
479,woodward,0.0,US,1701886322.0,39.0,36.4337,-99.3904,18.57,9.26
480,sanga-sanga,100.0,PH,1701886323.0,81.0,5.0725,119.7853,27.83,4.02
481,fukuecho,19.0,JP,1701886323.0,58.0,32.6881,128.8419,14.04,12.17
482,al bayda',100.0,LY,1701886323.0,90.0,32.7627,21.7551,12.37,4.32
483,bodaybo,97.0,RU,1701886323.0,100.0,57.8506,114.1933,-39.59,0.48
484,okahao,85.0,NA,1701886323.0,54.0,-17.885,15.0667,26.28,6.38
485,uchiza,91.0,PE,1701886324.0,58.0,-8.4592,-76.4633,30.16,1.23
486,abomey,59.0,BJ,1701886324.0,48.0,7.1829,1.9912,29.67,3.54
487,tromso,0.0,NO,1701886324.0,58.0,69.6496,18.957,-5.99,5.14
488,qaisumah,0.0,SA,1701886324.0,39.0,28.3112,46.1273,15.98,2.06
489,kamalpur,100.0,IN,1701886324.0,74.0,24.2,91.8333,19.97,0.61
490,sao jose da coroa grande,0.0,BR,1701886324.0,63.0,-8.8978,-35.1478,28.38,3.69
491,padang,98.0,ID,1701886325.0,88.0,-0.9492,100.3543,25.03,1.09
492,tsiombe,52.0,MG,1701886284.0,73.0,-25.3,45.4833,23.23,5.87
493,aban,100.0,RU,1701886325.0,91.0,56.67,96.06,-23.61,7.52
494,kawthoung,,,,,,,,
495,dossor,52.0,KZ,1701886325.0,59.0,47.5272,52.9811,-2.36,4.79
496,bradford-on-avon,100.0,GB,1701886325.0,96.0,51.3477,-2.2506,5.88,0.89
497,katsuren-haebaru,75.0,JP,1701886326.0,63.0,26.3369,127.8719,20.01,2.57
498,lerwick,54.0,GB,1701886326.0,68.0,60.1545,-1.1494,5.0,5.84
499,nar'yan-mar,100.0,RU,1701886326.0,98.0,67.6713,53.087,-21.61,1.79
500,miri,40.0,MY,1701886556.0,100.0,4.4148,114.0089,25.08,1.54
501,cockburn town,7.0,TC,1701886333.0,72.0,21.4612,-71.1419,26.79,3.66
502,zhangye,0.0,CN,1701886334.0,22.0,38.9342,100.4517,0.69,1.41
503,west bay,75.0,KY,1701886334.0,74.0,19.3667,-81.4167,29.44,6.69
504,kantilo,100.0,IN,1701886334.0,88.0,20.35,85.1833,20.65,1.4
505,natal,20.0,BR,1701886334.0,51.0,-5.795,-35.2094,31.36,5.66
506,anaconda,99.0,US,1701886335.0,61.0,46.1285,-112.9423,4.55,3.06
507,holstebro,100.0,DK,1701886335.0,98.0,56.3601,8.6161,0.23,4.77
508,sirte,100.0,LY,1701886335.0,37.0,31.2089,16.5887,19.15,1.72
509,prineville,100.0,US,1701886335.0,61.0,44.2999,-120.8345,13.58,2.57
510,lossiemouth,40.0,GB,1701886336.0,85.0,57.7214,-3.2834,2.31,2.06
511,borovskoy,84.0,KZ,1701886336.0,95.0,53.8,64.15,-20.96,3.89
512,bergen auf rugen,,,,,,,,
513,al ghayzah,18.0,YE,1701886336.0,58.0,16.2079,52.176,25.6,3.72
514,lulea,75.0,SE,1701886336.0,86.0,65.5842,22.1547,-6.96,1.03
515,aoulef,48.0,DZ,1701886336.0,22.0,26.9667,1.0833,21.68,2.91
516,fort mcmurray,0.0,CA,1701886337.0,65.0,56.7268,-111.381,3.77,6.69
517,uray,14.0,RU,1701886337.0,94.0,60.1247,64.7758,-31.18,3.13
518,okha,100.0,RU,1701886337.0,97.0,53.5739,142.9478,-3.28,3.41
519,pathein,38.0,MM,1701886337.0,78.0,16.7833,94.7333,24.46,1.89
520,iranshahr,0.0,IR,1701886338.0,14.0,27.2025,60.6848,17.11,0.5
521,vadso,100.0,NO,1701886320.0,92.0,70.0744,29.7487,-9.91,3.6
522,san jose de mayo,100.0,UY,1701886338.0,94.0,-34.3375,-56.7136,20.13,1.23
523,ghat,77.0,LY,1701886338.0,14.0,24.9647,10.1728,22.24,4.16
524,chesma,60.0,RU,1701886339.0,97.0,53.8111,60.6533,-21.38,1.87
525,buala,100.0,SB,1701886339.0,87.0,-8.145,159.5921,26.68,6.1
526,subaykhan,48.0,SY,1701886339.0,69.0,34.8544,40.6083,16.12,3.15
527,sao felix do xingu,30.0,BR,1701886240.0,31.0,-6.6447,-51.995,37.12,3.43
528,chu,55.0,KZ,1701886340.0,80.0,43.5983,73.7614,4.72,2.89
529,banikoara,23.0,BJ,1701886341.0,13.0,11.2985,2.4386,28.84,2.24
530,san patricio,0.0,US,1701886250.0,39.0,28.017,-97.5169,22.15,4.29
531,coahuayana de hidalgo,99.0,MX,1701886344.0,40.0,18.7,-103.6583,31.93,0.32
532,wafangdian,48.0,CN,1701886346.0,43.0,39.6183,122.0081,-0.72,1.87
533,bodo,40.0,NO,1701886347.0,78.0,67.28,14.405,-2.9,11.83
534,kirakira,100.0,SB,1701886347.0,92.0,-10.4544,161.9205,26.05,5.19
535,castillos,100.0,UY,1701886347.0,97.0,-34.1667,-53.8333,19.73,2.97
536,dhidhdhoo,78.0,MV,1701886347.0,74.0,6.8833,73.1,28.26,2.32
537,zest'aponi,100.0,GE,1701886349.0,75.0,42.11,43.0525,11.06,5.51
538,arauca,64.0,CO,1701886351.0,36.0,7.0847,-70.7591,34.14,2.88
539,p'ot'i,100.0,GE,1701886352.0,77.0,42.1462,41.672,12.03,3.92
540,vanimo,99.0,PG,1701886353.0,90.0,-2.6741,141.3028,25.81,3.92
541,pogranichnyy,57.0,RU,1701886354.0,71.0,44.4064,131.3769,-8.0,2.91
542,taunsa,0.0,PK,1701886356.0,31.0,30.7048,70.6505,16.78,0.44
543,shahrud,100.0,IR,1701886356.0,33.0,36.4182,54.9763,8.08,1.37
544,marsh harbour,52.0,BS,1701886357.0,58.0,26.5412,-77.0636,22.54,11.01
545,businga,92.0,CD,1701886357.0,93.0,3.3333,20.8833,22.66,0.35
546,berezovyy,100.0,RU,1701886357.0,96.0,51.6667,135.7,-10.58,1.0
547,palanpur,43.0,IN,1701886358.0,51.0,24.1667,72.4333,20.92,2.7
548,mitchell,0.0,US,1701886249.0,50.0,43.7094,-98.0298,10.99,2.57
549,howrah,75.0,IN,1701886359.0,88.0,22.5892,88.3103,20.0,5.66
550,chinde,100.0,NP,1701886364.0,71.0,26.8418,88.0763,11.63,2.07
551,carnarvon,4.0,AU,1701886364.0,76.0,-24.8667,113.6333,22.81,10.12
552,kemise,80.0,ET,1701886364.0,41.0,10.7167,39.8667,21.1,1.22
553,bikenibeu village,100.0,KI,1701886364.0,94.0,1.3673,173.1241,26.98,4.63
554,saint-joseph,70.0,RE,1701886365.0,78.0,-21.3667,55.6167,25.21,2.78
555,metlili chaamba,0.0,DZ,1701886365.0,29.0,32.2667,3.6333,16.52,3.09
556,alotau,,,,,,,,
557,uniao da vitoria,98.0,BR,1701886337.0,97.0,-26.23,-51.0864,22.02,1.1
558,penzance,100.0,GB,1701886365.0,91.0,50.1186,-5.5371,9.38,14.58
559,taltal,12.0,CL,1701886199.0,67.0,-25.4,-70.4833,19.89,3.79
560,san antonio de pale,90.0,GQ,1701886365.0,81.0,-1.4014,5.6325,26.73,4.75
561,shitanjing,1.0,CN,1701886365.0,21.0,39.2342,106.3439,5.27,6.54
562,zhaotong,57.0,CN,1701886366.0,64.0,27.3167,103.7167,5.94,1.88
563,sinjai,100.0,ID,1701886366.0,90.0,-5.1241,120.253,25.31,1.29
564,waddan,100.0,LY,1701886272.0,31.0,29.1614,16.139,18.57,3.6
565,shimoda,98.0,JP,1701886366.0,73.0,34.6667,138.95,14.87,6.15
566,el granada,75.0,US,1701886366.0,88.0,37.5027,-122.4694,16.05,6.17
567,adre,9.0,TD,1701886366.0,16.0,13.4667,22.2,23.38,4.71
568,sabha,99.0,LY,1701886367.0,26.0,27.0377,14.4283,19.54,3.78
569,karibib,80.0,NA,1701886367.0,43.0,-21.9333,15.8333,25.07,1.58
570,bonny,100.0,NG,1701886367.0,77.0,4.4522,7.1681,27.51,3.76
571,gosaba,,,,,,,,
572,miyaly,14.0,KZ,1701886367.0,92.0,48.8844,53.7836,-7.38,1.89
573,brisas de zicatela,83.0,MX,1701886367.0,55.0,15.8369,-97.0419,30.69,2.2
574,punta del este,75.0,UY,1701886367.0,95.0,-34.9667,-54.95,21.06,3.6
575,port blair,100.0,IN,1701886367.0,78.0,11.6667,92.75,27.09,1.38
576,xianning,0.0,CN,1701886368.0,36.0,29.8833,114.2167,12.15,2.93
577,pokrovsk,100.0,UA,1701886368.0,67.0,48.282,37.1758,-1.4,6.54
578,kavieng,99.0,PG,1701886293.0,79.0,-2.5744,150.7967,27.94,3.37
579,medvezh'yegorsk,94.0,RU,1701886368.0,100.0,62.9167,34.4667,-18.87,0.12
580,jiagedaqi,97.0,CN,1701886368.0,79.0,50.4167,124.1167,-16.18,2.52
581,tambopata,40.0,PE,1701886368.0,62.0,-12.7333,-69.1833,30.94,3.09
582,bel ombre,75.0,SC,1701886369.0,89.0,-4.6167,55.4167,25.91,9.26
583,svetlyy,100.0,RU,1701886369.0,93.0,54.675,20.1347,-2.97,5.51
584,center,0.0,US,1701886369.0,44.0,31.5107,-96.4247,16.25,2.06
585,eyl,96.0,SO,1701886285.0,71.0,7.9803,49.8164,25.47,10.47
586,tsumeb,99.0,NA,1701886369.0,58.0,-19.2333,17.7167,24.11,4.93
587,nagqu,61.0,CN,1701886369.0,92.0,31.5,92.0,-15.2,1.15
588,mablethorpe,,,,,,,,
589,usogorsk,16.0,RU,1701886370.0,99.0,63.4106,48.6872,-26.3,0.27
590,huron east,,,,,,,,
591,at taj,0.0,LY,1701886370.0,43.0,24.2049,23.2857,14.64,0.79
592,yulinshi,0.0,CN,1701886370.0,39.0,38.2906,109.7494,1.77,2.58
593,cold lake,75.0,CA,1701886370.0,81.0,54.4502,-110.2017,2.97,3.09
594,gizo,100.0,SB,1701886370.0,85.0,-8.103,156.8419,27.64,10.38
595,akdepe,85.0,TM,1701886370.0,56.0,42.0551,59.3788,2.66,6.0
596,ouarzazat,0.0,MA,1701886371.0,6.0,30.9189,-6.8934,21.16,2.06
597,tosontsengel,79.0,MN,1701886371.0,79.0,48.7567,98.2839,-5.59,5.94
598,muang xay,89.0,LA,1701886371.0,99.0,20.7,101.9833,18.87,1.18
599,holualoa,40.0,US,1701886245.0,76.0,19.6228,-155.9522,22.1,1.54
600,qamdo,71.0,CN,1701886365.0,39.0,31.1667,97.2333,-9.69,0.88
601,hobyo,24.0,SO,1701886376.0,63.0,5.3505,48.5268,26.81,8.26
602,san juan de miraflores,84.0,PE,1701886376.0,75.0,-12.1629,-76.9635,21.29,3.96
603,ad dilam,6.0,SA,1701886376.0,15.0,23.9915,47.1627,18.23,2.8
604,ambositra,68.0,MG,1701886377.0,87.0,-20.5167,47.25,19.43,1.52
605,puerto leguizamo,100.0,CO,1701886377.0,93.0,-0.1934,-74.7819,24.78,0.37
606,ban lam luk ka,40.0,TH,1701886377.0,85.0,13.9774,100.7778,28.33,3.6
607,shangri-la,,,,,,,,
608,swakopmund,88.0,NA,1701886377.0,81.0,-22.6833,14.5333,16.66,2.24
609,arteche,76.0,PH,1701886331.0,80.0,12.2645,125.4048,25.42,2.74
610,happy valley-goose bay,75.0,CA,1701886377.0,64.0,53.3168,-60.3315,-1.83,6.69
611,tsiolkovskiy,,,,,,,,
612,yerofey pavlovich,100.0,RU,1701886378.0,89.0,53.9667,121.9667,-24.41,1.39
613,kourou,42.0,GF,1701886378.0,74.0,5.1552,-52.6478,29.03,3.67
614,hasaki,96.0,JP,1701886378.0,64.0,35.7333,140.8333,7.38,5.66
615,kargasok,79.0,RU,1701886378.0,89.0,59.0556,80.8572,-27.8,5.81
616,north bend,100.0,US,1701886378.0,93.0,43.4065,-124.2243,11.8,4.12
617,siwa oasis,11.0,EG,1701886378.0,52.0,29.2041,25.5195,17.12,2.74
618,ambodifotatra,2.0,MG,1701886379.0,74.0,-16.9833,49.85,26.4,2.29
619,turpan,98.0,CN,1701886379.0,45.0,42.9333,89.1667,2.11,0.26
620,cabo san lucas,93.0,MX,1701886363.0,57.0,22.8909,-109.9124,29.17,0.45
621,bouarfa,2.0,MA,1701886379.0,49.0,32.53,-1.95,13.75,2.38
622,cururupu,80.0,BR,1701886343.0,63.0,-1.8283,-44.8683,30.61,4.0
623,filiatra,100.0,GR,1701886379.0,65.0,37.15,21.5833,14.27,4.88
624,avanigadda,44.0,IN,1701886379.0,92.0,16.0215,80.9181,23.3,1.77
625,greymouth,91.0,NZ,1701886380.0,89.0,-42.4667,171.2,12.07,0.4
